<?xml version="1.0" encoding="UTF-8" standalone="yes"?>
<idPkg:Spread xmlns:idPkg="http://ns.adobe.com/AdobeInDesign/idml/1.0/packaging" DOMVersion="15.0">
	<Spread>
	 	<Page Self="uf0" GeometricBounds="0 0 600 800" ItemTransform="1 0 0 1 -400 -300"></Page>
	  <TextFrame Self="u370" ParentStory="u373" ItemTransform="1 0 0 1 -300 200">
			<Properties>
				<PathGeometry>
					<GeometryPathType>
						<PathPointArray>
							<PathPointType Anchor="-100 31" />
							<PathPointType Anchor="-100 78" />
							<PathPointType Anchor="620 78" />
							<PathPointType Anchor="620 31" />
						</PathPointArray>
					</GeometryPathType>
				</PathGeometry>
			</Properties>
		</TextFrame>
	</Spread>
</idPkg:Spread>
